{
	"mesh": [
		1.000000, -1.000000, 0.000000,
		0.000000, 1.000000, 0.000000,
		-1.000000, -1.000000, 0.000000,
		1.000000, 1.000000, 0.000000
	],
	"indices": [
		0, 1, 2,
		0, 3, 1
	]
}